symbol,timeframe,timestamp_utc,close,volume,volume_avg_20,relative_volume_20,rsi_14,macd,macd_signal,macd_histogram,macd_state,stoch_k_14,stoch_d_3,atr_14,sma_20,sma_50,sma_200,ema_12,ema_26,ema_50,distance_sma_20,distance_sma_50,distance_sma_200,trend_state,return_1,return_5,return_20,realized_volatility_20,drawdown,high_52w,low_52w,range_52w_position,data_source,validation_status,retrieved_at_utc
AAOI,1d,2026-08-26 00:00:00+00:00,113.76,4878840,13095143.05,0.37256866773975406,45.61728409015519,-1.0160060770448638,0.9424780049799449,-1.9584840820248086,bearish,19.799626422142993,15.984604064074269,15.0557716033965,124.8605,124.92299999999999,98.640625,122.58551414945492,123.60152022649979,127.7014886595563,-0.08890321598904372,-0.08935904517182569,0.1532773641691747,mixed_or_insufficient_history,0.005391073795846246,-0.0689909157868892,0.48667015159435456,1.518261248503572,-0.49009412819363507,233.67,18.5,0.4427197099967468,robinhood,valid,2026-08-27 19:09:21.327861+00:00
AAOI,1h,2026-08-27 18:00:00+00:00,113.16,5225,238405.0,0.02191648665086722,45.09015090086445,-1.5559071795801316,-2.2574686365504784,0.7015614569703468,bullish,34.03508771929822,35.009746588693986,2.81613447489515,112.88488000000002,118.61278999999999,118.863566,113.03867603558182,114.59458321516195,118.82514178845068,0.0024371731626058324,-0.04597134929546798,-0.04798414006862295,mixed_or_insufficient_history,0.002302922940655261,0.0015932023366966863,0.05118439386901996,0.5908059321465062,-0.49736110136373446,,,,alpaca,valid,2026-08-27 18:56:52.846176+00:00
AAOI,1w,2026-08-21 00:00:00+00:00,124.82,59169211,58781762.65,1.0065913020047894,51.279662324007205,8.644596947220123,14.809141264015611,-6.164544316795489,bearish,36.52622914016313,40.48316056966072,34.83740018918875,146.3485,85.73270000000001,,129.4378154560977,120.79321850887757,97.7716659032899,-0.1471043433994883,0.45592055306784895,,mixed_or_insufficient_history,-0.16941708810220923,0.21882628649545932,0.20123183524203636,1.2224522663576216,-0.34429501996217704,233.67,18.5,0.4941209276386113,derived,valid,2026-08-27 19:09:21.327861+00:00
AAPL,1d,2026-08-26 00:00:00+00:00,313.45,34024486,49870235.15,0.6822603883390752,51.4277165163918,-1.100666445661716,-1.2523883062418792,0.15172186058016335,bullish,65.3475393201421,54.084221207508854,7.189138593916093,310.264,311.2182,282.12025,310.9925211149383,312.09318756060003,309.5939661721242,0.010268674419204205,0.007171174436456429,0.11105105003983229,above_sma_20_50_200,0.011455308163923927,-0.010668181674715171,-0.07315414412016918,0.3305859691876491,-0.07830510468125151,344.5699,224.69,0.7404076913644404,robinhood,valid,2026-08-27 19:09:21.327861+00:00
AAPL,1h,2026-08-27 18:00:00+00:00,314.42,61148,1331484.9,0.04592466651330406,57.3688024600218,0.8840469805886073,0.5896705296080063,0.29437645098060106,bullish,86.01108033241015,90.55863342566941,1.9386362997231885,312.1735,312.771786,315.7520405,313.5452285696219,312.6611815890333,311.8534659006524,0.007196318713792227,0.005269701660366444,-0.004218628319521467,mixed_or_insufficient_history,-0.001286428968474418,0.008969113517850014,0.012853139194021201,0.14557280855053725,-0.08388450219981924,,,,alpaca,valid,2026-08-27 18:56:52.846176+00:00
AAPL,1w,2026-08-21 00:00:00+00:00,309.35,229935443,255668393.6,0.8993502863703212,56.45113321921943,12.70379786134464,13.386766220617814,-0.6829683592731737,bearish,50.268356775426135,50.531936174248564,17.620611231795355,300.2415,276.80719999999997,,307.6906926648399,294.98689480349526,278.72114566386557,0.03033724518429337,0.11756486102962671,,mixed_or_insufficient_history,0.01117902788219527,-0.07308084137352422,0.20877618005626775,0.27636449070763075,-0.07308084137352422,344.5699,224.69,0.7062067953009638,derived,valid,2026-08-27 19:09:21.327861+00:00
AMD,1d,2026-08-26 00:00:00+00:00,480.93,14348127,24024134.05,0.5972380511255098,48.42815238906557,-7.697307684194698,-7.595255073295292,-0.10205261089940532,bearish,45.10974494079067,32.08021787720446,26.93202227514811,483.00149999999996,507.62550000000005,333.22705,479.2326140838438,486.9299217680385,484.061432017453,-0.004288806556501323,-0.05258896568434812,0.44325018031999486,mixed_or_insufficient_history,0.0036520722901622893,0.031109300630333125,0.11958748486823723,0.7077993366333384,-0.1721092768242929,584.73,149.22,0.7616587449197494,robinhood,valid,2026-08-27 19:09:21.327861+00:00
AMD,1h,2026-08-27 18:00:00+00:00,471.765,30552,502380.2,0.06081449866057619,45.218981756755504,0.544779272800838,1.745780202877182,-1.201000930076344,bearish,8.095808383233521,11.24925475027878,5.298498682890975,478.70446499999997,471.12131999999997,489.475979,475.9466681189751,475.40188884617424,475.9215376796241,-0.01449634483772777,0.0013662722799299143,-0.036183550899032024,mixed_or_insufficient_history,-0.0024739129055790787,-0.004316076064245222,0.03303188228080933,0.4708301330047488,-0.18936543120779425,,,,alpaca,valid,2026-08-27 18:56:52.846176+00:00
AMD,1w,2026-08-21 00:00:00+00:00,473.25,92510371,160505803.5,0.5763677635494345,57.166681212486836,61.318864000168105,70.2232357766575,-8.904371776489398,bearish,41.74635522809217,54.59601348655824,61.61472773900685,458.6075000000001,310.1146,,482.4964351172796,421.1775711171115,344.40221990049304,0.03192817387417324,0.5260487574593393,,mixed_or_insufficient_history,-0.0799782266373763,-0.04540503469420687,1.1758620689655173,0.7278314416968584,-0.15171449568911433,584.73,149.22,0.7440242474340428,derived,valid,2026-08-27 19:09:21.327861+00:00
AMZN,1d,2026-08-26 00:00:00+00:00,260.28,21528373,45509690.6,0.47305030458721686,50.87657162439321,2.4348234631604555,3.899599962992753,-1.4647764998322974,bearish,14.044579095433686,17.004884291272756,6.821165868912679,266.104,250.8754,238.53025000000002,262.010272090015,259.57544862685455,255.53887911887006,-0.021886179839461284,0.03748713504791601,0.0911823552777895,mixed_or_insufficient_history,-0.0029878188922087823,-0.020914835991573844,0.14837855724685634,0.5900018932167433,-0.08358566298148018,287.2,196.0,0.7048245614035086,robinhood,valid,2026-08-27 19:09:21.327861+00:00
AMZN,1h,2026-08-27 18:00:00+00:00,255.4,72520,912999.9,0.07943045776894389,29.02447599694537,-1.3895503278957335,-0.977676893282363,-0.41187343461337056,bearish,5.436337625178777,7.229901865687648,1.5441279115725386,259.11039999999997,260.569408,258.284518,257.5807862545235,258.97033658241924,260.3998161513503,-0.014319764856987494,-0.019838890680520693,-0.011167986460574375,below_sma_20_50_200,-0.0018758793184304734,-0.007981977432949372,-0.025302446284776403,0.12641843290833912,-0.10508427064718451,,,,alpaca,valid,2026-08-27 18:56:52.846176+00:00
AMZN,1w,2026-08-21 00:00:00+00:00,258.63,176927272,233638859.05,0.7572681732799277,54.72525681661977,7.436110077118684,6.597778751316771,0.8383313258019127,bullish,53.65774533657744,64.40118951067858,17.658176636910678,254.56599999999997,235.85440000000003,,254.3018588317247,246.86574875460602,237.82439377529624,0.01596442572849477,0.09656635619263398,,mixed_or_insufficient_history,-0.015305539691604753,0.046110908870282685,0.23292177146398418,0.4286661746750381,-0.05774555523171099,287.2,196.0,0.6867324561403509,derived,valid,2026-08-27 19:09:21.327861+00:00
APP,1d,2026-08-26 00:00:00+00:00,308.11,3578584,7130318.2,0.501882791149489,33.16009317535752,-33.54601592070094,-35.96742547078498,2.421409550084043,bullish,19.857757813962216,14.853775108606682,18.467586382462212,338.863,415.6732,495.525675,318.71916251586015,352.2651784365611,393.353885111919,-0.09075349034860691,-0.25876866730883774,-0.37821587145812363,below_sma_20_50_200,-0.007825078894828419,-0.008623186074197986,-0.2286837230260852,0.8786400258967505,-0.5800027262813523,745.61,297.5,0.023677222110642507,robinhood,valid,2026-08-27 19:09:21.327861+00:00
APP,1h,2026-08-27 18:00:00+00:00,312.325,7788,178357.85,0.043665025116640506,56.20066278145892,1.4693809931550845,1.0696075891626766,0.3997734039924079,bullish,59.471153846153676,59.463239915826165,3.6923214433997744,309.041305,307.78990400000004,358.17139,310.4147475998677,308.94536660671264,310.4411422216865,0.010625424326369481,0.014734388428802925,-0.12800126218903185,mixed_or_insufficient_history,0.0036472894373211773,-0.009309776057856989,0.046209761163032326,0.3717746867839117,-0.574164212478185,,,,alpaca,valid,2026-08-27 18:56:52.846176+00:00
APP,1w,2026-08-21 00:00:00+00:00,305.77,25502042,26974799.2,0.9454024777318825,35.38259022736669,-39.50031837680723,-19.866882947384575,-19.633435429422654,bearish,2.3981481481481426,3.762412716986288,70.85638091743947,452.821,516.331,,405.4111652809053,444.91148365771255,454.0505213050202,-0.3247442146013547,-0.4078023593392611,,mixed_or_insufficient_history,-0.03065559218868885,-0.27976162434635143,-0.20860832880399627,0.7553003375136631,-0.5761259825055104,745.61,298.0,0.017358861508902798,derived,valid,2026-08-27 19:09:21.327861+00:00
AXTI,1d,2026-08-26 00:00:00+00:00,65.18,4792789,13577344.6,0.35299899510542,46.74129497479376,1.4180710144403577,2.844013554250558,-1.4259425398102001,bearish,9.240189256888414,11.550236571110537,9.564165657613643,72.6405,66.15879999999999,52.898475,71.42080586796727,70.00273485352692,70.72488598508238,-0.10270441420419729,-0.01479470607084743,0.23217162687582227,mixed_or_insufficient_history,-0.033654558932542544,-0.11235189976848703,0.7630511225317829,1.9015362397373607,-0.5371724774550877,143.16,2.745,0.444646227254923,robinhood,valid,2026-08-27 19:09:21.327861+00:00
AXTI,1h,2026-08-27 18:00:00+00:00,67.41,16792,210762.5,0.07967261728248622,49.53594949602258,-0.7594190535132128,-1.239042816119806,0.4796237626065931,bullish,52.802736731536235,52.258607881824624,1.8573292865315139,66.83302499999999,69.53291,66.0093275,66.67373820618114,67.43315725969435,69.65243223403847,0.008633082222449184,-0.030531010423697325,0.021219311770749316,mixed_or_insufficient_history,0.00559409263817412,-0.00721649484536091,0.0307339449541284,0.8100154122443406,-0.5213717693836979,,,,alpaca,valid,2026-08-27 18:56:52.846176+00:00
AXTI,1w,2026-08-21 00:00:00+00:00,70.74,62979471,54195660.7,1.1620758966040245,51.55431790699772,5.501162549802487,8.965567263441656,-3.464404713639169,bearish,31.955275768110493,41.07864323968805,23.096470964617858,82.6335,45.031000000000006,,72.42270436064311,66.92154181084062,52.28867785620769,-0.14393073027283132,0.5709178121738354,,mixed_or_insufficient_history,-0.13763257344873836,0.5425207152202354,0.33875851627554865,1.4092210564377712,-0.49769225307107867,143.16,2.6809,0.48447847402211436,derived,valid,2026-08-27 19:09:21.327861+00:00
CBRS,1d,2026-08-26 00:00:00+00:00,182.15,6697451,7709962.65,0.868674895591096,41.17635170429063,-4.722513696620183,1.0859783837104495,-5.808492080330632,bearish,5.73622402890697,3.8192947182888433,21.191216135234423,216.16025,206.1089,,204.76873106865668,209.49124476527686,216.40904394982428,-0.15733813224216753,-0.11624388854629764,,mixed_or_insufficient_history,-0.009596824620068944,-0.15550095043812873,0.07532912214416454,1.3213659666190194,-0.4144404796348089,,,,robinhood,valid,2026-08-27 19:09:21.327861+00:00
CBRS,1h,2026-08-27 18:00:00+00:00,183.41,15105,311864.65,0.048434473095940817,43.85595322839811,-3.333087885824,-4.644682612598304,1.3115947267743042,bullish,60.66985645933008,55.582137161084496,3.5641029267932822,181.93713,194.14194799999999,208.58291650000004,182.45356500997906,185.78665289580306,193.91682550743522,0.008095488809788387,-0.05527887254948116,-0.12068541816558609,mixed_or_insufficient_history,0.008024182467710972,0.011917241379310273,-0.00891602723441054,0.41936295652648553,-0.5236103896103896,,,,alpaca,valid,2026-08-27 18:56:52.846176+00:00
CBRS,1w,2026-08-21 00:00:00+00:00,196.13,53819490,,,25.571353321377757,,,,insufficient_history,19.896864995558115,,75.1197463547806,,,,214.22679427039662,,,,,,mixed_or_insufficient_history,-0.10434742898894878,0.134617609626287,,,-0.29883454883454896,,,,derived,valid,2026-08-27 19:09:21.327861+00:00
COHR,1d,2026-08-26 00:00:00+00:00,294.37,5468246,7692043.0,0.7108964419465674,46.816778639204614,-7.07999627438295,-3.9169865626605658,-3.163009711722384,bearish,24.66115188939376,18.159928540914198,29.438528577399325,310.524,323.485,272.01,301.0601409520105,308.14013722639345,316.93187708168284,-0.05202174389097136,-0.09000417330015309,0.08220286018896372,mixed_or_insufficient_history,0.02162143402512684,0.024002504609176523,0.32569241161900475,1.2656358499837903,-0.31043125863805665,440.0,85.9409,0.588684487985198,robinhood,valid,2026-08-27 19:09:21.327861+00:00
COHR,1h,2026-08-27 18:00:00+00:00,293.86,7659,216419.85,0.03538954490542342,55.30075301756117,1.7466369601087877,0.7813722205280181,0.9652647395807695,bullish,45.04870129870142,46.869389408703334,5.350207493126849,289.85204,287.78738799999996,303.257322,292.23200380383776,290.48536684372897,294.3641707063872,0.013827606664420955,0.021101035880001895,-0.030987947588615783,mixed_or_insufficient_history,0.003894506695818478,-0.001053812421389022,0.06675863070388788,0.5388481500215896,-0.3230280132694434,,,,alpaca,valid,2026-08-27 18:56:52.846176+00:00
COHR,1w,2026-08-21 00:00:00+00:00,289.52,36664948,29858044.3,1.2279755375672745,48.26190361651845,17.02241557207202,28.969028220541443,-11.946612648469422,bearish,31.387926317709272,50.525867833910866,62.3051787284105,339.1115,243.94519999999997,,320.6674050377339,303.64498946566187,258.5029380299831,-0.1462395111932211,0.18682392602928855,,mixed_or_insufficient_history,-0.11143848018905567,0.04293948126801128,0.12147505422993476,0.8845477413240962,-0.2568216238416716,440.0,85.9409,0.5749862099293592,derived,valid,2026-08-27 19:09:21.327861+00:00
CRWD,1d,2026-08-26 00:00:00+00:00,189.18,13619878,8000345.85,1.7024111526378576,42.20976365354508,-0.6788303274570353,3.444377284386171,-4.123207611843206,bearish,17.163856463467358,10.979595443358853,9.432136685736804,205.4405,194.1119,139.61630000000002,198.65136322884902,199.33019355630606,191.36433814468356,-0.07914943742835512,-0.025407509792032212,0.35499938044483326,mixed_or_insufficient_history,0.020498435645700752,-0.06174676387442335,0.05463262348087872,0.5225223526144498,-0.16117589677648203,227.5,85.68,0.7297983359187703,robinhood,valid,2026-08-27 19:09:21.327861+00:00
CRWD,1h,2026-08-27 18:00:00+00:00,225.805,40578,476302.0,0.08519384760089187,82.6084842921224,8.302181114960007,3.7951709391304687,4.507010175829539,bullish,98.45829636202308,97.67822556792707,4.2237324420452405,198.35002,196.462658,200.51963099999998,210.83743198967872,202.5352508747187,200.97235709402952,0.13841682496427277,0.14935327811761567,0.12609921968188753,above_sma_20_50_200,0.0012193499756130155,0.03272353075691736,0.18402286193697237,1.3443620435251336,-0.7108382048802976,,,,alpaca,valid,2026-08-27 18:56:52.846176+00:00
CRWD,1w,2026-08-21 00:00:00+00:00,191.95,41154120,56523194.75,0.7280926030813217,59.88309803408345,22.583666653639625,19.9453946538259,2.6382719998137247,bullish,55.92474351424231,80.1251559883717,19.39163032542453,166.12025,136.054175,,186.90324228778493,164.3195756341453,144.36719627586245,0.15548826828758067,0.41083505890208816,,mixed_or_insufficient_history,-0.11523392486748096,-0.05480598778806389,0.9237322108639003,0.5769094400286097,-0.11523392486748096,227.5,85.68,0.749330136793118,derived,valid,2026-08-27 19:09:21.327861+00:00
CRWV,1d,2026-08-26 00:00:00+00:00,88.01,14056766,31410953.85,0.447511593157175,48.40931419111684,0.9779230418968581,1.8327864951559265,-0.8548634532590684,bearish,13.952130764740229,12.2689239151586,7.230962243865074,90.848,89.1018,91.58007500000002,90.59322736375078,89.61530432185393,90.70499564972569,-0.031238992603029203,-0.012253400043545581,-0.03898309757881302,below_sma_20_50_200,-0.00034075420263512957,-0.03147353361945637,0.4470568891811906,1.29647098296087,-0.5205904782656063,153.1999,60.55,0.29638456166709304,robinhood,valid,2026-08-27 19:09:21.327861+00:00
CRWV,1h,2026-08-27 18:00:00+00:00,87.35,25495,613759.25,0.04153908882024996,45.430222700186945,-0.5138217537760852,-0.6199333041998923,0.10611155042380715,bullish,13.982642237222642,12.630735222443215,1.56586741694817,88.087895,88.892684,86.479606,87.66112654684221,88.1749483006183,89.71303423825523,-0.008376803645949393,-0.01735445405158431,0.010064731330991394,mixed_or_insufficient_history,0.004484820607175699,-0.004615121645490272,0.013576235785564883,0.5106287312424819,-0.41940844134263877,,,,alpaca,valid,2026-08-27 18:56:52.846176+00:00
CRWV,1w,2026-08-21 00:00:00+00:00,87.85,136965214,148934212.95,0.9196356652180503,48.161850121926435,-2.5029189513424797,-1.6789587672598003,-0.8239601840826793,bearish,38.128491620111724,46.44570148760093,20.31040912413715,98.56025,97.0289,,90.58441940580101,93.0873383571435,92.4873454582841,-0.10866703361649344,-0.09459965020730932,,mixed_or_insufficient_history,-0.1653999619988601,0.19997268132768742,0.06821498054474717,0.960062238952418,-0.5214620329011875,153.1999,60.55,0.29465763049933125,derived,valid,2026-08-27 19:09:21.327861+00:00
FN,1d,2026-08-26 00:00:00+00:00,437.8,792656,1025846.5,0.7726848022584275,40.531582723677126,-19.78672614828446,-8.88140943051367,-10.905316717770788,bearish,12.734280133044718,8.700702180455073,36.8466601287827,497.977,507.083,537.0367,471.90850049572816,491.6952266440126,515.3569801062349,-0.12084293049678996,-0.1366304924440378,-0.18478569527929833,below_sma_20_50_200,0.014506187143717764,-0.03684963150368492,0.05621230398069965,1.1422018123981987,-0.41350623601752245,748.89,309.91,0.29133445715066747,robinhood,valid,2026-08-27 19:09:21.327861+00:00
FN,1h,2026-08-27 18:00:00+00:00,432.48,5505,25052.9,0.21973504065397617,46.11483623330397,-2.3958388727719466,-3.8200966670503544,1.4242577942784078,bullish,27.043808209727594,27.18178682304247,5.7464411128965045,431.88995000000006,437.94408,493.088671,432.6069039194927,435.00274279226466,449.309329250921,0.0013662045157567526,-0.012476661403894251,-0.12291637298639124,mixed_or_insufficient_history,0.0026313044083041692,-0.01075072052701398,0.027634549126767327,0.34874054790958664,-0.41471336545228166,,,,alpaca,valid,2026-08-27 18:56:52.846176+00:00
FN,1w,2026-08-21 00:00:00+00:00,436.67,8737778,4561161.6,1.9156913887900837,41.12140529502656,-11.604840650953179,6.295948362093471,-17.900789013046648,bearish,10.045287377283369,34.759595266269514,94.18044019470248,587.037,510.64219999999995,,523.6641163157253,535.2689569666785,498.2739703601862,-0.2561456943940501,-0.14486111801962298,,mixed_or_insufficient_history,-0.234207849601908,-0.08720918079391282,-0.217395200458806,0.8123816621561848,-0.3952274112237548,748.89,303.1,0.2996253841494874,derived,valid,2026-08-27 19:09:21.327861+00:00
GH,1d,2026-08-26 00:00:00+00:00,170.92,2011109,2268212.8,0.8866491715415767,60.34969343150023,3.9813661651065786,3.8385610399464927,0.14280512516008592,bullish,87.61743322748048,64.8638094997827,7.754594944050751,162.954,155.29579999999999,115.06559999999999,164.62517230371816,160.64380613861158,152.49575221578007,0.04888496140014964,0.10060928885391629,0.48541353801657494,above_sma_20_50_200,0.03638127577007033,0.04640626913187207,0.1863677379051849,0.5061011137367959,0.0,176.58,53.4,0.9540509823023217,robinhood,valid,2026-08-27 19:09:21.327861+00:00
GH,1h,2026-08-27 18:00:00+00:00,171.08,6902,56988.5,0.12111215420655044,57.016553062636625,1.6106269858142923,1.3186188713538327,0.2920081144604596,bullish,78.38757381151824,89.46999653292767,2.228519909992232,168.7434,166.96576000000002,159.356539,170.52000084306115,168.90937385724686,167.2567226835649,0.013847060092424313,0.02464121985250145,0.07356749257713235,above_sma_20_50_200,-0.008921330089213253,0.0087858953947757,0.04860557768924312,0.38382064001784477,-0.009638484471330533,,,,alpaca,valid,2026-08-27 18:56:52.846176+00:00
GH,1w,2026-08-21 00:00:00+00:00,170.69,12913804,12157300.15,1.0622263035925785,68.22555173520978,19.086180297755277,16.470517088240243,2.6156632095150343,bullish,92.92832272781845,86.94682004805524,15.833044757272045,130.628,107.0583,,150.53204685229838,131.4458665545431,110.93205122598927,0.3066876932969962,0.5943649394769017,,mixed_or_insufficient_history,0.08574518160422362,0.09507923269391161,0.8191409996802728,0.6631254465040034,0.0,176.58,53.4,0.9521837960707906,derived,valid,2026-08-27 19:09:21.327861+00:00
GOOGL,1d,2026-08-26 00:00:00+00:00,342.0,20420257,25796279.4,0.7915969851063096,45.18523157104849,-2.0419964030991196,-1.82263819944379,-0.21935820365532965,bearish,16.89164933193685,23.471287280727605,8.829936502784903,350.399,350.7736,333.97740000000005,345.9136872827883,347.95568368588744,350.4437979656044,-0.023969817265460214,-0.025012144585567442,0.024021385878205903,mixed_or_insufficient_history,-0.014295596034124891,-0.007890461824089146,0.015710849098630852,0.3814665739523715,-0.1505638070637325,408.61,205.65,0.6718072526606227,robinhood,valid,2026-08-27 19:09:21.327861+00:00
GOOGL,1h,2026-08-27 18:00:00+00:00,340.605,41163,449451.15,0.0915850365495783,37.63387669476305,-1.3756958188839121,-1.063447203115494,-0.3122486157684181,bearish,22.18045112781952,23.955245255996886,1.6154523773164018,343.40954,344.137614,346.0638455,341.7554717507712,343.13116756965513,344.18248287781876,-0.008166750405361412,-0.01026512027830806,-0.01577409940675234,below_sma_20_50_200,-0.0006015081717085646,0.00042589437819429143,-0.021474948287749873,0.12921189388022689,-0.16064761763944846,,,,alpaca,valid,2026-08-27 18:56:52.846176+00:00
GOOGL,1w,2026-08-21 00:00:00+00:00,344.82,96694078,146270436.75,0.6610637128626745,51.274632610826885,8.320449563949524,13.366272801429364,-5.045823237479841,bearish,31.928289403478825,35.68455874506457,24.64972252396342,358.414,319.5972,,349.7180191760794,341.39756961212987,314.84157040999554,-0.037928205929455894,0.07892059129429163,,mixed_or_insufficient_history,-0.0031222896790980004,-0.005623323816939196,0.16583832031646217,0.40046917094911805,-0.13967065868263473,408.61,205.28,0.6862735454679584,derived,valid,2026-08-27 19:09:21.327861+00:00
LITE,1d,2026-08-26 00:00:00+00:00,939.03,4511432,5130874.1,0.8792716235231732,57.40002353798574,26.628323662046228,22.92350638476715,3.7048172772790764,bullish,71.81989266048652,46.677199259620664,78.80283124763501,851.73575,812.1409,662.589425,873.9581610127966,847.3298373507504,833.7614318717622,0.10248982739071355,0.15624025338460346,0.4172124766404173,above_sma_20_50_200,0.06037388559845969,0.134642339294345,0.5589441354694114,1.0920710053093297,-0.10830983106856962,1085.68,123.5,0.8475856908270801,robinhood,valid,2026-08-27 19:09:21.327861+00:00
LITE,1h,2026-08-27 18:00:00+00:00,957.86,16134,168256.75,0.09588916937953455,70.09885194055381,22.04482451725744,18.034115229135626,4.010709288121813,bullish,88.16983894582722,79.37621525902121,19.26177375750438,907.3208050000001,872.722456,828.720575,927.7009084029478,905.6560838856904,891.4354707507466,0.05570157183819879,0.09755397424997625,0.15582987667465598,above_sma_20_50_200,0.013244019426240206,0.034640685252595116,0.1541316239728172,0.5223862078731334,-0.1000601300311924,,,,alpaca,valid,2026-08-27 18:56:52.846176+00:00
LITE,1w,2026-08-21 00:00:00+00:00,866.71,23739535,26756082.0,0.8872575214861429,57.13569194898881,66.23096710125219,83.04999115797442,-16.819024056722228,bearish,59.79238602124525,62.48573517145302,157.79305756789452,858.7299999999999,573.8048,,829.6665597256906,763.4355926244384,621.2209091514445,0.009292792845248421,0.5104613973253622,,mixed_or_insufficient_history,-0.06416956399680385,0.18270516634371337,0.048169020897832926,0.6071509079815446,-0.10712887606881627,1085.68,119.25,0.7734238382500543,derived,valid,2026-08-27 19:09:21.327861+00:00
LLY,1d,2026-08-26 00:00:00+00:00,1189.41,3006472,2888967.35,1.0406735818596218,47.7099792446398,16.055503886752604,16.58769888941431,-0.5321950026617053,bearish,21.46057167027137,48.97939304662034,41.787913809243776,1200.1895,1184.5166,1057.4809500000001,1220.3495894484595,1204.2940855617069,1175.62530278495,-0.00898149833838724,0.004131136701672311,0.12475785024779884,mixed_or_insufficient_history,-0.0358688779728612,-0.07102019775996993,-0.01703277631774669,0.41999925313436404,-0.07102019775996993,1292.65,712.05,0.8221839476403721,robinhood,valid,2026-08-27 19:09:21.327861+00:00
LLY,1h,2026-08-27 18:00:00+00:00,1182.45,8187,61764.0,0.132552943462211,32.51300544374921,-16.766251609426263,-14.811484594926767,-1.9547670144994953,bearish,9.5581865434596,12.427635756171396,11.428320485128653,1211.9268049999998,1239.640318,1197.3126444999998,1194.6434007189143,1211.4096523283406,1220.7328007967926,-0.02432226507276547,-0.04613460628020649,-0.01241333628962582,below_sma_20_50_200,-0.005701167982644195,0.004331762007899309,-0.05224685104217175,0.3188348992463069,-0.08160293278136566,,,,alpaca,valid,2026-08-27 18:56:52.846176+00:00
LLY,1w,2026-08-21 00:00:00+00:00,1255.4,13982512,14711059.45,0.9504762078845382,67.04063163015897,63.27424802004339,55.904362176447776,7.369885843595611,bullish,88.12862515137995,81.56058192092169,84.25216162456465,1097.8005,1015.2728,,1163.6821679424463,1100.407919922403,1032.0083922073768,0.1435593261252841,0.23651495440437298,,mixed_or_insufficient_history,0.06375406724511934,0.06470134253801607,0.34184142457085454,0.2940335094603218,0.0,1292.65,694.23,0.937752748905451,derived,valid,2026-08-27 19:09:21.327861+00:00
META,1d,2026-08-26 00:00:00+00:00,576.14,31416337,17790039.85,1.7659509065124437,48.642762949479156,-10.821408639608194,-10.983637226993006,0.16222858738481172,bullish,51.71633847791381,41.42274259357816,20.17910228257308,573.1005,592.5176,623.24315,568.4648676969482,579.2862763365564,589.689533192164,0.00530360730796775,-0.027640697930323088,-0.07557748528804531,mixed_or_insufficient_history,0.010683273397070536,0.05514349028441656,-0.016171171940369877,0.48377999281251793,-0.27070886075949374,790.8,520.26,0.20654986323649,robinhood,valid,2026-08-27 19:09:21.327861+00:00
META,1h,2026-08-27 18:00:00+00:00,569.675,20938,669971.7,0.03125206631862212,51.932878262567094,3.625399272025561,4.639892295577449,-1.0144930235518883,bearish,22.21740387395183,23.952009251228564,6.775165960876683,571.451575,558.429784,583.7467505,572.1414520422085,568.5160527701829,566.4393377055235,-0.003108881098105476,0.02013720672176733,-0.024105916628995416,mixed_or_insufficient_history,-0.0008331140927826386,-0.021908024071355614,0.01876855395400412,0.2751430039106121,-0.27550838727728255,,,,alpaca,valid,2026-08-27 18:56:52.846176+00:00
META,1w,2026-08-21 00:00:00+00:00,549.9,89012407,84116038.95,1.0582096840402873,42.83307655900444,-15.985180137470707,-13.933367344452563,-2.0518127930181436,bearish,15.724982981620126,32.67116364461496,53.85693932523992,606.9067499999999,638.0975999999999,,591.3048054583181,607.2899855957888,622.2053102805339,-0.09392999830698856,-0.13821960778413833,,mixed_or_insufficient_history,-0.0677290836653387,-0.1487747867680067,-0.0427531943042162,0.47114444687324575,-0.2996956305795755,790.8,520.26,0.10955866045686401,derived,valid,2026-08-27 19:09:21.327861+00:00
MRVL,1d,2026-08-26 00:00:00+00:00,245.11,17106953,23161421.7,0.738596845287783,57.80761495343671,6.779756291764556,2.96081601613676,3.8189402756277966,bullish,84.2340425531915,71.52687856669989,17.481505097136132,219.80425,230.75869999999998,147.27555,231.0204260241459,224.24066973238135,220.51969317324435,0.11512857462947146,0.06219180468602059,0.6642952615013151,above_sma_20_50_200,0.019677177801813883,0.03304252539301222,0.5000611995104038,0.8613709740442836,-0.22538950162753213,329.88,61.44,0.6842124869617048,robinhood,valid,2026-08-27 19:09:21.327861+00:00
MRVL,1h,2026-08-27 18:00:00+00:00,244.14,39085,643665.05,0.060722576128686805,57.62898196974403,2.238217670978969,2.2651243030199173,-0.02690663204094834,bearish,41.965862271924614,42.854031783402036,3.921739534370116,242.63165999999995,237.662464,213.65614999999997,242.95958192403234,240.72136425305337,237.03325947791845,0.006216583606607706,0.027255191631775588,0.14267714736973414,above_sma_20_50_200,-0.0009411957277899452,0.0035762732766060346,0.06462585034013602,0.6593657336640208,-0.25472778057603374,,,,alpaca,valid,2026-08-27 18:56:52.846176+00:00
MRVL,1w,2026-08-21 00:00:00+00:00,237.04,145739112,174991973.15,0.8328331258661505,61.8810537120878,27.193512463467073,32.0258741960673,-4.832361732600226,bearish,44.41650501712287,39.00658171211381,35.26938566908248,209.783,135.1137,,216.57507372424513,189.38156126077806,155.52486190866827,0.12992949857710112,0.7543742788481109,,mixed_or_insufficient_history,0.06765156292225916,0.25630697477210074,1.213052002614135,0.8092283123440602,-0.23678279348316056,329.88,61.44,0.6541499031440918,derived,valid,2026-08-27 19:09:21.327861+00:00
MSFT,1d,2026-08-26 00:00:00+00:00,496.37,20758853,34157019.1,0.6077477937763017,67.43798673374346,17.896210834176202,20.82104843989843,-2.924837605722228,bearish,52.541724189778385,40.03927518601032,11.670021946508838,488.212,425.7356,431.09680000000003,485.7707795675806,467.8745687334044,446.3455273395251,0.016709953872497962,0.1659114248373874,0.15141193346830684,above_sma_20_50_200,0.009477130829147251,0.024901406124176573,0.2709837660674963,0.5646751598017994,-0.08430645488590038,553.72,349.2,0.7195873264228436,robinhood,valid,2026-08-27 19:09:21.327861+00:00
MSFT,1h,2026-08-27 18:00:00+00:00,502.35,69042,477422.7,0.1446139867249714,68.57641426616448,4.172520982386061,3.406847308400567,0.7656736739854941,bullish,80.28169014084519,87.72090434318189,3.420014586372945,495.15316,488.48832600000003,462.57277949999997,498.909196064941,494.73667508255494,491.54547016860135,0.014534573504489057,0.028376674041540983,0.08599126940196467,above_sma_20_50_200,-0.0035802481379733075,0.006169006749854766,0.030863310828835866,0.1539164410858799,-0.080635420288794,,,,alpaca,valid,2026-08-27 18:56:52.846176+00:00
MSFT,1w,2026-08-21 00:00:00+00:00,483.24,116216906,182490928.15,0.6368366207468379,61.2143249291884,10.074003991003906,-3.5011652489332157,13.575169239937122,bullish,81.46842521120767,89.00008338986845,31.396070759631755,419.6405000000001,444.7844,,439.86035157172296,429.78634758071905,434.4310552081766,0.1515571066186412,0.0864589675357319,,mixed_or_insufficient_history,-0.024545821558336622,0.227058046823422,0.2939538370909871,0.4679412710908306,-0.07797981339795079,553.72,349.2,0.6553882260903579,derived,valid,2026-08-27 19:09:21.327861+00:00
MU,1d,2026-08-26 00:00:00+00:00,938.4,18721684,33699583.1,0.5555464571904452,51.337751781896,7.697067033924554,3.607769686738412,4.089297347186142,bullish,48.96872225993416,46.511466370551034,62.22617837354085,912.3457500000001,958.9177000000001,581.538075,934.4222378391339,926.7251708052094,909.4173836340866,0.02855743011900902,-0.021396726747248573,0.6136518662170141,mixed_or_insufficient_history,0.005820122833531505,0.0013819155804311034,0.2698240866035182,0.8355373343051692,-0.22673786215761893,1255.0,114.25,0.7224632916940609,robinhood,valid,2026-08-27 19:09:21.327861+00:00
MU,1h,2026-08-27 18:00:00+00:00,914.37,31830,648271.65,0.04909978710313801,39.83511165400842,-5.5039150847235305,-3.9306241104790205,-1.57329097424451,bearish,10.227900938561827,8.767260281630668,12.962367614959351,927.751475,935.721936,910.2194499999999,922.8217137903368,928.3256288750604,932.7271601033104,-0.014423555618707118,-0.02281867633805268,0.004559944307935826,mixed_or_insufficient_history,0.0007681125380090137,-0.012559395248380123,0.004835213816366091,0.3191449990407049,-0.26076270706842053,,,,alpaca,valid,2026-08-27 18:56:52.846176+00:00
MU,1w,2026-08-21 00:00:00+00:00,966.78,144674040,230149059.15,0.6286101734863425,62.257449835912006,133.98347470869123,148.96106378951924,-14.977589080828011,bearish,52.18566996798221,50.34963419278068,135.44801792923207,829.1899999999999,509.21539999999993,,897.0313646158836,763.0478899071924,589.7988839867498,0.16593301897032053,0.8985678752056598,,mixed_or_insufficient_history,-0.005022332914805583,0.13879498203663343,1.6397444298820445,0.893073912814738,-0.1474527994074022,1255.0,114.25,0.747341661187815,derived,valid,2026-08-27 19:09:21.327861+00:00
NBIS,1d,2026-08-26 00:00:00+00:00,213.93,10562817,26675008.2,0.3959817714320328,48.45164239011722,3.531266102769365,5.212965497220374,-1.6816993944510088,bearish,33.233066498468574,34.90307151181031,22.269642194432446,220.52450000000005,221.7424,150.79497500000002,223.19929737022989,219.66803126746052,215.1349703147692,-0.029903706844364386,-0.03523187265944627,0.4186812259493393,mixed_or_insufficient_history,-0.036221110960940606,-0.044528807503349754,0.44332748616920803,1.6628188623775364,-0.25379329589452015,299.86,63.26,0.6368131868131868,robinhood,valid,2026-08-27 19:09:21.327861+00:00
NBIS,1h,2026-08-27 18:00:00+00:00,217.56,15434,404267.85,0.03817765869831104,48.38800175416921,-0.7241227711720342,-1.2481417910789936,0.5240190199069594,bullish,26.792468149310924,28.077997821365543,4.302057317961345,218.14476999999997,219.07879799999998,213.42892249999997,217.62032068789193,218.34444345906397,221.51408027721965,-0.002680651019045577,-0.00693265625822892,0.019355752967360917,mixed_or_insufficient_history,-0.0012853470437017567,-0.0012853470437017567,0.03157894736842093,0.5220599195338933,-0.262083234406268,,,,alpaca,valid,2026-08-27 18:56:52.846176+00:00
NBIS,1w,2026-08-21 00:00:00+00:00,219.13,141702734,97966545.35,1.4464400422996033,55.482501414342146,25.21676683030381,27.739427867764952,-2.522661037461141,bearish,47.59833830974944,53.52460080488121,48.30255955972648,205.4855,142.82,,212.2260640021741,187.0092971718703,152.1820298236865,0.06640127892235692,0.534308920319283,,mixed_or_insufficient_history,-0.21085422068568138,0.233076360362388,1.013692335967653,1.154608141132824,-0.23565523736440053,299.86,63.26,0.6587912087912088,derived,valid,2026-08-27 19:09:21.327861+00:00
NOW,1d,2026-08-26 00:00:00+00:00,125.8,13384897,17921456.35,0.7468643584872497,58.431199061947844,4.9023736516952425,5.059636592982195,-0.15726294128695262,bearish,60.426627436557524,74.23577639698117,5.842387350498745,122.386,110.3502,119.58395999999999,124.7626549637678,119.86028131207256,114.58561941278845,0.02789534750706779,0.1400069959093866,0.051980549899836026,above_sma_20_50_200,-0.009448818897637823,-0.011006289308176154,0.08673116793365576,0.48092978118411944,-0.46257230495817636,194.726,81.24,0.3926475512398005,robinhood,valid,2026-08-27 19:09:21.327861+00:00
NOW,1h,2026-08-27 18:00:00+00:00,137.355,79301,534921.5,0.14824792048926805,71.31562219962294,2.490170000264982,1.2929380439441998,1.197231956320782,bullish,93.70437956204381,92.00527169505274,2.055407538422543,129.510575,128.76342,117.45957800000001,133.0284131488548,130.53824314858983,128.62673577000047,0.06056976428372751,0.06672376362789989,0.16938101037618214,above_sma_20_50_200,0.00492383781331851,-0.00489024125190185,0.07283449191595714,0.8838799176875054,-0.8573846321571152,,,,alpaca,valid,2026-08-27 18:56:52.846176+00:00
NOW,1w,2026-08-21 00:00:00+00:00,128.48,89506342,129973447.55,0.6886509797746763,57.297762525957225,-1.2341265540992907,-6.337370551664008,5.103243997564717,bullish,78.47821722545673,74.52250097991417,14.223986792445245,104.31800000000001,130.39296,,112.89737047828011,114.1314970323794,127.16000736581933,0.23161870434632537,-0.014670730689754996,,mixed_or_insufficient_history,0.03612903225806452,0.2444788841534289,0.2596078431372548,0.6984249457185923,-0.4289676260911306,194.726,81.24,0.41626279893555146,derived,valid,2026-08-27 19:09:21.327861+00:00
NVDA,1d,2026-08-26 00:00:00+00:00,209.66,179900003,116643801.55,1.542302296473807,46.294611255313946,1.543116161930726,3.0748223630359557,-1.5317062011052296,bearish,11.65940977261731,15.223351072407679,6.255161913197334,215.5605,207.75060000000002,195.53355,214.83688651270518,213.29377035077445,210.52663948437245,-0.02737282572642019,0.009190827848391203,0.07224565809806038,mixed_or_insufficient_history,-0.01591175780333265,-0.03631182202610772,0.1034156097047525,0.33147974526951285,-0.11063035547637234,236.54,164.07,0.6290878984407342,robinhood,valid,2026-08-27 19:09:21.327861+00:00
NVDA,1h,2026-08-27 18:00:00+00:00,226.19,528633,5108022.8,0.10349072834992044,67.14362708069629,3.4579085724004415,1.444384103770575,2.013524468629867,bullish,79.84934086629002,89.52884649926357,2.727276626369415,216.21640000000002,215.80500200000003,212.7195495,221.2292241838872,217.77131561148676,217.0824478696873,0.046127860791318254,0.048122137595309145,0.06332492961583669,above_sma_20_50_200,-0.009068605975641741,0.008718531897339732,0.08494819646968543,0.6782346020250517,-0.0427440856574548,,,,alpaca,valid,2026-08-27 18:56:52.846176+00:00
NVDA,1w,2026-08-21 00:00:00+00:00,214.72,484930583,702392008.35,0.6903987762320332,55.74801990566471,7.286120221556189,6.668287947746553,0.6178322738096362,bullish,58.662900188323896,69.13353269720625,16.03487134562533,207.87800000000001,192.91580000000002,,210.00662536878946,202.72050514723327,191.3780850908248,0.032913535823896556,0.11302443864110656,,mixed_or_insufficient_history,-0.046367027891277335,0.05872491494502241,0.21044027284514355,0.38490429839180834,-0.047044203799041284,236.54,164.07,0.6989098937491377,derived,valid,2026-08-27 19:09:21.327861+00:00
PLTR,1d,2026-08-26 00:00:00+00:00,177.5,27924165,46645614.5,0.5986450237460158,64.65038274468642,10.747711843369672,11.01957789537807,-0.27186605200839864,bearish,78.02491103202847,74.45035702860935,7.890753206563842,164.67749999999998,141.5786,151.36805,171.70766283242187,160.9599509890522,151.1472300098636,0.077864310546371,0.2537205481619398,0.17263847952061218,above_sma_20_50_200,0.027615353441787782,0.013185684114390028,0.44308943089430897,1.017656678726027,-0.1432570711458635,207.52,106.37,0.7032130499258527,robinhood,valid,2026-08-27 19:09:21.327861+00:00
PLTR,1h,2026-08-27 18:00:00+00:00,185.86,68801,885147.2,0.07772831456733977,70.06830026558491,2.7005332486126576,1.538569191494164,1.1619640571184937,bullish,94.45688689809641,95.85697151245616,2.1711864717474367,178.194325,176.75869600000001,155.03165049999998,182.02756842923748,179.32703518062482,177.14676544497752,0.04301862587374772,0.05148999288838385,0.19885197248803088,above_sma_20_50_200,-0.0001613857657752904,0.009066724577881713,0.056713193279700036,0.46410027845762075,-0.10381407010945554,,,,alpaca,valid,2026-08-27 18:56:52.846176+00:00
PLTR,1w,2026-08-21 00:00:00+00:00,179.94,156900215,215749165.85,0.7272343991776319,62.83588449638751,2.6473142449740124,-3.54764098630131,6.194955231275323,bullish,96.71355330616537,95.92973459280502,18.293616230331853,139.609,155.6108,,148.07171653095247,145.42440228597846,143.25924251246235,0.2888853870452477,0.1563464746662826,,mixed_or_insufficient_history,0.03390025281544484,0.35926877171778226,0.21204364812070575,0.8101899754206858,-0.1024093380555694,207.52,106.37,0.7273356401384082,derived,valid,2026-08-27 19:09:21.327861+00:00
QQQ,1d,2026-08-26 00:00:00+00:00,711.37,20392390,35971118.9,0.566910082966588,49.32754323352392,1.3902132298262586,2.5824330223927867,-1.192219792566528,bearish,27.195734002509287,21.23588456712669,10.601077598641295,714.642,712.3606,654.15095,713.9477925956837,712.5575793658575,708.8731394174989,-0.004578516236101504,-0.001390587856768044,0.08747071299063314,mixed_or_insufficient_history,0.0009145655110309736,-0.006577477376829455,0.07501548970123761,0.2058247073136404,-0.046625388656588385,748.65,555.6,0.806889406889407,robinhood,valid,2026-08-27 19:09:21.327861+00:00
QQQ,1h,2026-08-27 18:00:00+00:00,718.145,23628,612049.1,0.03860474592642976,60.99023504586973,1.8523933138664006,0.7108148694391707,1.1415784444272299,bullish,81.1068702290075,89.5586708954895,2.556622923531678,712.83888,712.5600820000001,707.963946,715.6149667794882,713.7625734656218,714.2202464226293,0.007443645610351712,0.007837820474484447,0.014380752095531246,above_sma_20_50_200,-0.0013280489500765436,0.003037836780870551,0.01685687584956952,0.11749231447034933,-0.037519768408073584,,,,alpaca,valid,2026-08-27 18:56:52.846176+00:00
QQQ,1w,2026-08-21 00:00:00+00:00,713.44,178047287,204528807.95,0.8705242492956113,57.349626241255265,23.31011927613281,25.804559969817394,-2.4944406936845844,bearish,59.76459833161933,70.13293718813095,29.403792891372976,701.0350000000001,644.196,,706.522903506954,683.2127842308212,648.366687197853,0.017695264858387905,0.10748902507932367,,mixed_or_insufficient_history,-0.024115337792550595,0.026045187177311524,0.21959725118807483,0.23023107021707162,-0.036698981934055186,748.65,555.6,0.817612017612018,derived,valid,2026-08-27 19:09:21.327861+00:00
RDW,1d,2026-08-26 00:00:00+00:00,11.27,7870368,17335804.75,0.45399496092040376,46.92600964060927,0.24856745792594914,0.39448994608992155,-0.1459224881639724,bearish,2.341137123745829,13.094335068786,0.9155328458953671,11.8535,11.0676,10.4153,11.910052199087719,11.66148474116177,11.713294969594001,-0.0492259670139622,0.018287614297589183,0.08206196653000863,mixed_or_insufficient_history,-0.018292682926829396,-0.09112903225806457,0.44858611825192796,0.9280563908417848,-0.5648648648648649,26.64,4.87,0.2939825447864033,robinhood,valid,2026-08-27 19:09:21.327861+00:00
RDW,1h,2026-08-27 18:00:00+00:00,11.175,33395,386436.55,0.086417809081465,36.602438741267896,-0.16592128221472358,-0.17891797612450078,0.012996693909777202,bullish,4.729729729729748,13.288288288288186,0.1869229371810403,11.3896,11.74956,10.999909500000001,11.303379465969693,11.469300748184416,11.748726907183256,-0.01884175036875735,-0.04890055457395848,0.015917449139013273,mixed_or_insufficient_history,-0.003566651805617438,-0.0004472271914131021,-0.01844532279314881,0.4081800289479129,-0.5671959721146398,,,,alpaca,valid,2026-08-27 18:56:52.846176+00:00
RDW,1w,2026-08-21 00:00:00+00:00,12.02,72122426,153539705.35,0.469731434195435,50.775541563510586,0.23322256566446242,0.4573986251714137,-0.2241760595069513,bearish,22.563559322033896,28.08968926553671,2.9098945893986157,12.5565,10.1572,,11.915737292670489,11.682514727006026,11.281173521466645,-0.042726874527137304,0.18339699917300045,,mixed_or_insufficient_history,-0.11487481590574378,0.4224852071005918,0.23535457348406985,1.418000263785781,-0.5107855107855108,26.64,4.87,0.32843362425355993,derived,valid,2026-08-27 19:09:21.327861+00:00
RKLB,1d,2026-08-26 00:00:00+00:00,66.18,11166210,18026056.75,0.619448288378433,36.27003741000361,-2.459811095601296,-1.6774610208986573,-0.7823500747026386,bearish,1.8069424631479298,1.5031536082767278,5.259875423018147,74.67,79.5516,78.920075,72.6248206498343,75.0846317454356,79.85532176004857,-0.11370028123744469,-0.1680871283544264,-0.16143009240677975,below_sma_20_50_200,-0.01091017785084425,-0.1273734177215189,0.12935153583617764,0.7102104758335971,-0.5594754709445516,150.9999,37.57,0.2522262648560918,robinhood,valid,2026-08-27 19:09:21.327861+00:00
RKLB,1h,2026-08-27 18:00:00+00:00,66.725,25056,429183.75,0.058380588733846515,35.451870040415,-1.2075256794399962,-1.530531471181991,0.32300579174199484,bullish,57.58928571428549,57.65225633683311,0.8495092719701032,66.820145,70.71643,72.22509099999999,66.75066215512653,67.95818783456653,70.29572114817562,-0.0014238969400620638,-0.056442753119749,-0.0761520812760208,below_sma_20_50_200,0.00037481259370308884,0.01251896813353559,-0.022344322344322376,0.2480453986418888,-0.5558477001930373,,,,alpaca,valid,2026-08-27 18:56:52.846176+00:00
RKLB,1w,2026-08-21 00:00:00+00:00,72.57,79189165,119138067.9,0.6646839788141301,46.12497531704581,-0.7291670647296513,3.58541579527684,-4.3145828600064915,bearish,15.48493047945094,21.928902940628163,16.675903717091973,91.93499999999999,75.4379,,82.06047004943325,82.7896371141629,74.24007339595845,-0.2106379507260564,-0.038016699828600786,,mixed_or_insufficient_history,-0.09570093457943929,0.07320319432120659,0.07146020965598687,1.1605167895446427,-0.49421522163367715,150.9999,37.57,0.30856061761493214,derived,valid,2026-08-27 19:09:21.327861+00:00
SEDG,1d,2026-08-26 00:00:00+00:00,33.08,6560956,3954017.45,1.6593138707569437,42.45507865998995,-4.1634595758074795,-4.713689508007246,0.5502299321997661,bullish,62.962962962962926,24.74412305742686,3.0760762764790455,34.265,44.75160000000001,42.2826,32.360223516123185,36.523683091930664,41.676237103792396,-0.03458339413395595,-0.2608085520964616,-0.21764508332032573,below_sma_20_50_200,0.107095046854083,0.014723926380368013,-0.1526639344262295,1.5467362968115448,-0.5786524009680296,81.25,28.21,0.09181749622926089,robinhood,valid,2026-08-27 19:09:21.327861+00:00
SEDG,1h,2026-08-27 18:00:00+00:00,32.99,14907,163371.7,0.09124591345991992,60.4120880540072,0.6607882130509779,0.5274264090229842,0.1333618040279937,bullish,73.4411085450347,77.63664357197847,0.6492193360277226,31.956095000000005,31.345762,37.0740545,32.71760835044266,32.05682013739168,31.82407810199538,0.03235392184182695,0.05245487412301553,-0.11015937034887835,mixed_or_insufficient_history,-0.003473795499169152,-0.020050497549383595,0.09619538129257355,0.8429331445911301,-0.5930175178879842,,,,alpaca,valid,2026-08-27 18:56:52.846176+00:00
SEDG,1w,2026-08-21 00:00:00+00:00,30.83,14551858,17347758.2,0.8388321898560934,38.365568745292144,-1.5164274185485311,2.263696683833891,-3.7801241023824224,bearish,2.5512176265945046,1.8390498301073201,9.999662782657415,49.1885,41.3604,,43.2150682450178,44.73149566356633,41.103954792731244,-0.37322748203340217,-0.2546010193325017,,mixed_or_insufficient_history,-0.04904380012338072,-0.4234149990648962,-0.3675897435897436,1.1030348722821193,-0.5962017026850033,81.25,28.21,0.049396681749622876,derived,valid,2026-08-27 19:09:21.327861+00:00
SNDK,1d,2026-08-26 00:00:00+00:00,1499.37,8968552,15198797.15,0.5900830119309803,49.95569205988146,10.701783491560036,-7.510646106118765,18.2124295976788,bullish,48.94192225226064,48.785523690544004,145.61891788332585,1435.3145,1624.263,958.4899,1509.994312764091,1499.292529272531,1509.207692020001,0.044628198210217906,-0.07689210429591764,0.5643044334635137,mixed_or_insufficient_history,0.01256103243582718,-0.044299400205243256,0.47591766825148385,1.2632041316124933,-0.3578715203426125,2354.3899,46.75,0.6294829622247388,robinhood,valid,2026-08-27 19:09:21.327861+00:00
SNDK,1h,2026-08-27 18:00:00+00:00,1479.76,6435,265845.05,0.024205829674090226,42.43959847348167,-15.135744612703775,-17.47442829433144,2.338683681627664,bullish,25.543378995433816,24.140030441400366,27.06636560860422,1488.31343,1534.652354,1425.4076035,1483.953534710606,1499.0892793233097,1513.879495914685,-0.005747062297220551,-0.03576859205729932,0.03813112569803967,mixed_or_insufficient_history,0.0013466236288461886,0.005415174719219484,-0.008575869646781364,0.3771778150442114,-0.3662725213168253,,,,alpaca,valid,2026-08-27 18:56:52.846176+00:00
SNDK,1w,2026-08-21 00:00:00+00:00,1596.08,72004605,69741908.7,1.0324438539491823,56.88898638849968,205.2722482190859,269.99946048054176,-64.72721226145586,bearish,44.08568382876299,35.77275002011134,311.4805733722944,1501.2655,815.2701999999999,,1512.0759864189845,1306.8037381998986,981.6875618224603,0.06315638373092569,0.9577313141091139,,mixed_or_insufficient_history,-0.02780603387889613,0.1780753162781772,1.2749469063128034,1.1895295122555711,-0.2694450165922875,2354.3899,46.01,0.6714969230151415,derived,valid,2026-08-27 19:09:21.327861+00:00
SOXX,1d,2026-08-26 00:00:00+00:00,515.4,4322162,8177625.15,0.5285351089979956,44.55730792528497,-7.0627517765514085,-5.626335478842816,-1.4364162977085924,bearish,24.549113131614213,19.302429572216393,21.312831900003008,528.269,553.2528,423.95225000000005,524.1130078251233,531.1757596016747,533.8057694976894,-0.024360695024693957,-0.06841863249494629,0.21570294767865938,mixed_or_insufficient_history,0.002606699607049734,-0.008216752939365302,0.10838709677419356,0.4755213777532264,-0.21314178409489937,655.95,238.15,0.6635950215414073,robinhood,valid,2026-08-27 19:09:21.327861+00:00
SOXX,1h,2026-08-27 18:00:00+00:00,520.72,5932,221552.55,0.026774686186189237,57.27433723770628,1.3714999851188168,0.08922082055480235,1.2822791645640144,bullish,62.16657593903129,68.80783886771913,4.317724152082363,516.32035,516.8529480000001,527.5304995,518.7515250597921,517.3800250746733,520.0264490705399,0.008521163266177911,0.007481919209252341,-0.012910153074476405,mixed_or_insufficient_history,-0.0018210746257211197,0.0036815018985756343,0.02799384056540455,0.19669171027262858,-0.20511806756618545,,,,alpaca,valid,2026-08-27 18:56:52.846176+00:00
SOXX,1w,2026-08-21 00:00:00+00:00,520.05,36677242,44374367.0,0.8265411876185186,55.05814845802276,43.04193267328799,54.21074362135188,-11.168810948063893,bearish,29.170792724240346,39.100376785142785,50.32323809710983,527.2705,397.6948,,532.8544918097718,489.81255913648386,424.4345508997039,-0.013694109569945656,0.3076610506348083,,mixed_or_insufficient_history,-0.055176047381999216,-0.0033728751844540605,0.531315332292924,0.5016873912014003,-0.18672296504808839,655.95,238.15,0.6747247486835805,derived,valid,2026-08-27 19:09:21.327861+00:00
SPCX,1d,2026-08-26 00:00:00+00:00,139.63,61380487,117455932.0,0.522583116534293,59.40492853259276,1.6246079274984595,0.41196181619215066,1.212646111306309,bullish,71.16529628579526,70.51075625428646,9.239321613002744,131.4475,139.786,,136.55993709958818,134.93532917208972,138.7401670590953,0.06224918693775083,-0.0011159915871403747,,mixed_or_insufficient_history,0.012178325480246555,-0.0001432151808092863,0.2406041759218125,1.0017174483554596,-0.30807730426164526,,,,robinhood,valid,2026-08-27 19:09:21.327861+00:00
SPCX,1h,2026-08-27 18:00:00+00:00,140.21,160213,2932140.85,0.054640281008328774,57.97497202308884,0.8821169087006808,0.6269691617936177,0.2551477469070631,bullish,82.87112561174578,83.63186514410023,1.8329197444381378,138.70264500000002,137.293132,127.08606300000001,139.4046699890816,138.52255308038093,137.881542911355,0.0108675288780542,0.021245549267533637,0.10326810580323031,above_sma_20_50_200,0.0017146531399585552,0.00950392396860833,0.03832339763764958,0.31643759874044713,-0.3594206871345029,,,,alpaca,valid,2026-08-27 18:56:52.846176+00:00
SPCX,1w,2026-08-21 00:00:00+00:00,136.97,476100136,,,,,,,insufficient_history,,,,,,,,,,,,,mixed_or_insufficient_history,-0.021503071867409518,0.1046858617630455,,,-0.2596216216216216,,,,derived,valid,2026-08-27 19:09:21.327861+00:00
TSLA,1d,2026-08-26 00:00:00+00:00,345.82,28573007,33755669.85,0.8464654123876022,49.81893589756705,-1.459984554251605,-5.783474026156598,4.323489471904993,bullish,54.2975345420471,62.665458090580785,13.224474857976269,334.644,362.4234,401.78427500000004,344.28385880540344,345.74384335965505,357.5946529209228,0.03339668423757791,-0.04581216334265403,-0.13928936118766733,mixed_or_insufficient_history,-0.012648108493932941,-0.015094554568238827,0.15922499329578965,0.3799212370329442,-0.2940720176369723,498.83,297.38,0.2404566890047158,robinhood,valid,2026-08-27 19:09:21.327861+00:00
TSLA,1h,2026-08-27 18:00:00+00:00,355.51,32293,1064672.15,0.030331402958178256,59.15996682593477,0.675818465996258,-0.025000920163085028,0.700819386159343,bullish,99.30822444273612,90.13290114168642,3.37797628865728,350.682395,350.47010800000004,334.57853300000005,351.741622479074,351.06580401307775,348.9618475401265,0.01376631695469066,0.014380376200300526,0.06256069931420227,above_sma_20_50_200,0.003471830190809655,0.015191753048345191,0.01882845188284521,0.2575153747135187,-0.2833904454747027,,,,alpaca,valid,2026-08-27 18:56:52.846176+00:00
TSLA,1w,2026-08-21 00:00:00+00:00,362.86,180757305,238325873.4,0.7584459984192383,46.66245681701097,-16.018246254340966,-10.480019469321542,-5.538226785019424,bearish,44.17757387666982,30.982320805533522,36.59291620497474,382.3355,406.575,,362.85782512188314,378.8760713762241,380.3850266285113,-0.05093824664463542,-0.10752013773596503,,mixed_or_insufficient_history,0.06015718584743057,-0.04721142737107442,0.006295238359355526,0.5353940386473147,-0.24592684954280963,498.83,297.38,0.32504343509555733,derived,valid,2026-08-27 19:09:21.327861+00:00
WOLF,1d,2026-08-26 00:00:00+00:00,26.93,3105840,4668266.25,0.665309096283872,44.90281140663089,-1.5950159735101614,-1.5994144875577687,0.0043985140476072715,bullish,30.143945808636744,19.39034716342084,3.2445912369123024,28.176,33.727,28.52375,27.767193279131664,29.362209252641826,32.47765033812519,-0.04422203293583182,-0.2015299315088801,-0.055874490556115486,below_sma_20_50_200,0.06484776591538166,-0.07425232038501206,0.3424725822532404,1.363666549470891,-0.6336054421768708,80.82,1.16,0.32349987446648254,robinhood,valid,2026-08-27 19:09:21.327861+00:00
WOLF,1h,2026-08-27 18:00:00+00:00,26.86,10350,80514.95,0.12854755545398713,56.64735376728636,0.19861352125259657,0.05605057183357108,0.14256294941902548,bullish,76.47058823529409,75.2450980392157,0.5362263742052955,26.205565,26.393814000000003,27.389062000000003,26.598406311024075,26.399792789771478,26.89477950077937,0.024973130707160784,0.017662699297645856,-0.019316543224444982,mixed_or_insufficient_history,0.001491424310216205,0.0007451564828613311,0.08437626160678247,0.5719854157670023,-0.6489806586513329,,,,alpaca,valid,2026-08-27 18:56:52.846176+00:00
WOLF,1w,2026-08-21 00:00:00+00:00,25.76,31083345,30912177.45,1.0055372207369364,45.170409787860365,0.6442915986635214,3.778221978867335,-3.1339303802038136,bearish,9.500328731097966,16.699539776462853,10.575445964765002,39.928000000000004,26.847799999999996,,33.64925215367484,33.004960555011316,27.636499746957163,-0.3548387096774194,-0.04051728633258567,,mixed_or_insufficient_history,-0.18968229002831072,-0.13817330210772827,0.47452776187750456,1.4885979822433113,-0.6314208041207612,80.82,1.16,0.308812452924931,derived,valid,2026-08-27 19:09:21.327861+00:00
