symbol,analysis_date,current_price,price_timestamp_utc,calculation_status,warning,mt_support_1,mt_support_1_distance_pct,mt_support_1_touch_count,mt_support_1_strength_score,mt_support_1_timeframes,mt_support_1_last_touch_utc,mt_support_2,mt_support_2_distance_pct,mt_support_2_touch_count,mt_support_2_strength_score,mt_support_2_timeframes,mt_support_2_last_touch_utc,mt_support_3,mt_support_3_distance_pct,mt_support_3_touch_count,mt_support_3_strength_score,mt_support_3_timeframes,mt_support_3_last_touch_utc,mt_resistance_1,mt_resistance_1_distance_pct,mt_resistance_1_touch_count,mt_resistance_1_strength_score,mt_resistance_1_timeframes,mt_resistance_1_last_touch_utc,mt_resistance_2,mt_resistance_2_distance_pct,mt_resistance_2_touch_count,mt_resistance_2_strength_score,mt_resistance_2_timeframes,mt_resistance_2_last_touch_utc,mt_resistance_3,mt_resistance_3_distance_pct,mt_resistance_3_touch_count,mt_resistance_3_strength_score,mt_resistance_3_timeframes,mt_resistance_3_last_touch_utc,daily_reference_date,daily_pivot,daily_s1,daily_s2,daily_s3,daily_r1,daily_r2,daily_r3,weekly_reference_period_end,weekly_pivot,weekly_s1,weekly_s2,weekly_s3,weekly_r1,weekly_r2,weekly_r3
AAOI,2026-09-01,103.39,2026-09-01 00:00:00+00:00,complete,,102.3888039620209,-0.009683683508841301,9,7.289710251160604,1h|1d,2026-09-01 14:00:00+00:00,90.97227450945701,-0.12010567260414928,5,3.162320583333692,1h|1d,2026-08-03 13:00:00+00:00,83.24597039788522,-0.19483537674934504,2,1.006680383224856,1h|1d,2026-07-28 14:00:00+00:00,108.96415838747117,0.053913902577339856,12,7.0023907468964985,1h|1d,2026-08-31 19:00:00+00:00,113.58783512073059,0.09863463701257946,5,3.0906325890692314,1h,2026-08-26 13:00:00+00:00,119.73919757273043,0.1581313238488291,10,6.35355752265605,1h|1d,2026-08-27 13:00:00+00:00,2026-09-01,103.43,101.30000000000001,99.21000000000001,97.08000000000001,105.52000000000001,107.65,109.74000000000001,2026-08-28,107.80333333333334,100.52666666666669,94.82333333333334,87.54666666666668,113.50666666666669,120.78333333333335,126.4866666666667
AAPL,2026-09-01,325.25,2026-09-01 00:00:00+00:00,complete,,322.5223758745699,-0.008386238663889656,4,1.9759062807311758,1h,2026-08-28 16:00:00+00:00,319.8007128998065,-0.01675414942411524,6,5.585287054774614,1h|1d,2026-08-20 13:00:00+00:00,316.94043907591293,-0.02554822728389572,6,5.8483470436454885,1h|1d|1w,2026-08-06 13:00:00+00:00,326.8658972883278,0.004968169987172422,3,1.7176631681516572,1h,2026-09-01 15:00:00+00:00,329.37551192823645,0.012684125836238014,5,1.948984435918022,1h,2026-07-30 14:00:00+00:00,331.85,0.02029208301306684,1,0.40612619817811774,1h,2026-07-24 19:00:00+00:00,2026-09-01,322.4266666666667,317.55333333333334,309.8566666666667,304.98333333333335,330.12333333333333,334.99666666666667,342.6933333333333,2026-08-28,316.76,311.15,302.59999999999997,296.98999999999995,325.31,330.92,339.47
AMD,2026-09-01,459.735,2026-09-01 00:00:00+00:00,complete,,453.25450426445684,-0.01409615481863069,7,5.351977584252002,1h|1d,2026-09-01 14:00:00+00:00,437.8158026353705,-0.0476778956673507,4,3.832459320183864,1h|1d|1w,2026-07-28 14:00:00+00:00,424.0316,-0.07766082634561211,3,4.647296626047576,1h|1d|1w,2026-07-31 00:00:00+00:00,463.0093806052932,0.007122321783838981,10,8.199521876908989,1h|1d,2026-08-31 16:00:00+00:00,474.16795503761296,0.031394074929280924,15,9.609374850077849,1h|1d,2026-08-31 18:00:00+00:00,483.77186555642277,0.05228417578914546,5,3.053846281420403,1h,2026-08-19 13:00:00+00:00,2026-09-01,457.80166666666673,454.30333333333346,448.8716666666667,445.37333333333345,463.23333333333346,466.73166666666674,472.16333333333347,2026-08-28,469.23333333333335,447.3466666666667,429.11333333333334,407.2266666666667,487.4666666666667,509.35333333333335,527.5866666666667
AMZN,2026-09-01,254.88,2026-09-01 00:00:00+00:00,complete,,252.72638648478906,-0.00844951944134864,7,2.5668063872605487,1h|1d,2026-09-01 14:00:00+00:00,249.18497058136842,-0.022343963506872178,11,5.479293462762657,1h|1d|1w,2026-07-13 18:00:00+00:00,245.48032404620696,-0.03687882907169271,15,4.286768123309113,1h|1d,2026-07-22 19:00:00+00:00,257.09689286913806,0.008697790603962918,18,13.328571757794231,1h|1d|1w,2026-08-27 18:00:00+00:00,261.07975666351166,0.02432421792024342,4,3.4418957137466832,1h,2026-08-31 14:00:00+00:00,263.6082923026463,0.03424471242406746,2,1.6819050570936436,1h,2026-08-25 13:00:00+00:00,2026-09-01,254.21666666666667,252.66333333333333,250.44666666666666,248.89333333333332,256.43333333333334,257.9866666666667,260.2033333333334,2026-08-28,263.92333333333335,260.2866666666667,254.14333333333332,250.50666666666666,270.0666666666667,273.7033333333334,279.84666666666675
APP,2026-09-01,311.56,2026-09-01 00:00:00+00:00,complete,,306.1560562243798,-0.017344793219990273,11,8.811670992106825,1h|1d|1w,2026-08-31 15:00:00+00:00,297.9113675040284,-0.04380739663619071,4,4.318541401374766,1h|1d,2026-08-24 17:00:00+00:00,234.56,-0.24714340736936702,1,0.38082094218910306,1w,2025-03-14 00:00:00+00:00,317.29092020773237,0.018394274642869357,9,6.81433503315216,1h|1w,2026-09-01 14:00:00+00:00,325.77776877865443,0.04563412754735663,3,3.148658172853673,1h|1d,2026-08-17 13:00:00+00:00,334.0246892147179,0.07210389400025008,3,2.008547468252843,1h,2026-08-28 14:00:00+00:00,2026-09-01,311.875,305.14,298.71999999999997,291.98499999999996,318.295,325.03000000000003,331.45000000000005,2026-08-28,316.9033,298.3567,278.9534,260.4068,336.3066,354.8532,374.2565
AXTI,2026-09-01,56.11,2026-09-01 00:00:00+00:00,complete,,53.91654705945149,-0.03909201462392642,5,3.300118782573482,1h|1d,2026-09-01 14:00:00+00:00,50.82271209460962,-0.09423075931902292,4,1.5322769104049765,1h,2026-07-27 13:00:00+00:00,47.56167443969007,-0.15234941294439364,6,2.360714334580606,1h|1d,2026-07-27 19:00:00+00:00,58.19661963991731,0.03718801710777586,11,5.820653436346433,1h|1d,2026-08-28 19:00:00+00:00,63.507233645275804,0.13183449733159525,13,6.89941192054247,1h|1d,2026-08-31 14:00:00+00:00,68.33927220025001,0.21795174122705419,9,3.7949932494397416,1h,2026-08-21 16:00:00+00:00,2026-09-01,56.326666666666675,54.58333333333335,53.05666666666667,51.31333333333335,57.85333333333335,59.59666666666668,61.123333333333356,2026-08-28,62.803333333333335,54.32666666666667,50.02333333333333,41.54666666666667,67.10666666666667,75.58333333333334,79.88666666666667
CBRS,2026-09-01,172.62,2026-09-01 00:00:00+00:00,complete,,171.4447344078496,-0.00680839759095353,9,6.002577437182718,1h|1d,2026-09-01 14:00:00+00:00,161.62452302510277,-0.06369758414376803,7,8.193881605576035,1h|1d|1w,2026-07-17 15:00:00+00:00,,,,,,,179.20352832993774,0.03813885024874142,6,4.288991190286821,1h,2026-08-28 16:00:00+00:00,186.2989545943145,0.07924316182548075,10,6.0961580826253,1h,2026-08-31 19:00:00+00:00,195.83797732020213,0.13450340238791636,9,5.950554414545748,1h|1d|1w,2026-08-21 14:00:00+00:00,2026-09-01,175.4958,168.6616,164.70319999999998,157.86899999999997,179.45420000000001,186.28840000000002,190.24680000000004,2026-08-28,182.82336666666666,173.14673333333332,167.21346666666665,157.5368333333333,188.75663333333333,198.43326666666667,204.36653333333334
COHR,2026-09-01,271.95,2026-09-01 00:00:00+00:00,complete,,263.2423172413101,-0.032019425477808006,3,3.7117311243151114,1h|1d,2026-09-01 14:00:00+00:00,255.42015150794597,-0.06078267509488511,3,2.1841171415669005,1h|1d,2026-07-27 14:00:00+00:00,246.06590366560943,-0.09517961512921702,6,2.7135428138556126,1h|1d,2026-08-03 13:00:00+00:00,279.93172680649076,0.02934997906413228,11,6.269226587588383,1h|1d,2026-08-31 19:00:00+00:00,290.8475246866942,0.06948896740832589,5,5.0101305419163555,1h|1d|1w,2026-08-25 13:00:00+00:00,304.25093789642375,0.11877528184013153,14,8.683016065825765,1h|1d|1w,2026-08-27 13:00:00+00:00,2026-09-01,270.8966666666667,265.9133333333334,259.8766666666667,254.89333333333343,276.9333333333334,281.9166666666667,287.9533333333334,2026-08-28,278.8933333333334,262.92666666666673,246.65333333333336,230.68666666666672,295.16666666666674,311.1333333333334,327.40666666666675
CRWD,2026-09-01,215.07,2026-09-01 00:00:00+00:00,complete,,209.47298613157145,-0.02602414966489308,6,3.883627221335946,1h|1d,2026-08-28 14:00:00+00:00,204.47559026936412,-0.04926028609585653,2,0.8782894675405365,1h,2026-08-06 19:00:00+00:00,200.8968654914486,-0.06590010000721336,8,3.123176018298007,1h,2026-08-19 19:00:00+00:00,216.6862626572781,0.0075150539697683705,14,11.071058146018466,1h|1d|1w,2026-08-18 19:00:00+00:00,226.78529717495167,0.0544720192260737,7,6.856193590886702,1h|1d,2026-08-27 17:00:00+00:00,231.13,0.07467336216115683,1,0.9771599684342459,1h,2026-08-31 19:00:00+00:00,2026-09-01,219.67286666666666,208.04713333333333,201.02426666666668,189.39853333333335,226.69573333333332,238.32146666666665,245.3443333333333,2026-08-28,209.44333333333336,190.19666666666672,161.99333333333337,142.74666666666673,237.6466666666667,256.8933333333333,285.0966666666667
CRWV,2026-09-01,81.76,2026-09-01 00:00:00+00:00,complete,,81.51403820448084,-0.003008338986291159,5,2.892506468458514,1h,2026-09-01 14:00:00+00:00,78.87974422887102,-0.035228177239835956,6,3.312348343150174,1h|1d,2026-07-31 13:00:00+00:00,75.87,-0.0720401174168297,1,0.4665164957684037,1h,2026-07-30 16:00:00+00:00,84.81091806449747,0.03731553405696508,15,8.484755831368274,1h|1d|1w,2026-08-31 19:00:00+00:00,87.678535499255,0.07238913281867654,15,8.1841048965964,1h|1d,2026-08-27 13:00:00+00:00,90.85697786584694,0.11126440638266799,14,9.914521096522963,1h|1d|1w,2026-08-27 13:00:00+00:00,2026-09-01,81.65333333333332,80.51666666666664,79.27333333333331,78.13666666666663,82.89666666666665,84.03333333333333,85.27666666666666,2026-08-28,85.88333333333334,81.51666666666668,78.80333333333334,74.43666666666668,88.59666666666668,92.96333333333334,95.67666666666668
FN,2026-09-01,402.07,2026-09-01 00:00:00+00:00,complete,,383.5142229567684,-0.04615061318484748,2,0.3070541678723375,1d,2025-10-22 00:00:00+00:00,371.580986698491,-0.07583011242198867,3,1.4421059281170736,1d|1w,2025-11-21 00:00:00+00:00,353.8262581934638,-0.11998841447145081,3,0.4394564262906233,1d,2025-10-07 00:00:00+00:00,403.11024038364997,0.0025872121363195166,7,7.576987083587281,1h|1d|1w,2026-09-01 16:00:00+00:00,414.10111516326697,0.029922936710689685,6,4.90311685953362,1h|1d|1w,2026-08-31 18:00:00+00:00,430.83557291375473,0.07154369366964652,16,10.244587618206697,1h|1d|1w,2026-08-27 15:00:00+00:00,2026-09-01,406.53999999999996,395.87999999999994,389.69,379.03,412.7299999999999,423.38999999999993,429.57999999999987,2026-08-28,421.9066666666667,405.02333333333337,395.68666666666667,378.80333333333334,431.2433333333334,448.1266666666667,457.4633333333334
GH,2026-09-01,164.405,2026-09-01 00:00:00+00:00,complete,,163.6886967987972,-0.00435694292267752,19,12.768635032423342,1h|1d,2026-08-28 19:00:00+00:00,159.5181235704196,-0.029724621693868247,4,2.080412948544268,1h,2026-08-19 14:00:00+00:00,156.28561964827725,-0.04938645632263472,14,8.91035502381052,1h|1d,2026-08-31 19:00:00+00:00,167.71930215110314,0.020159375633971743,9,5.627858074233962,1h,2026-08-26 13:00:00+00:00,172.697071631221,0.05043685794970343,13,13.847159692957963,1h|1d|1w,2026-08-27 17:00:00+00:00,176.53625358622858,0.07378883602219255,3,4.692749122553406,1h|1d|1w,2026-07-31 13:00:00+00:00,2026-09-01,162.15166666666667,158.84333333333333,153.28166666666667,149.97333333333333,167.71333333333334,171.02166666666668,176.58333333333334,2026-08-28,164.96663333333333,156.76336666666666,152.0267333333333,143.82346666666663,169.70326666666668,177.90653333333336,182.6431666666667
GOOGL,2026-09-01,335.02,2026-09-01 00:00:00+00:00,complete,,330.1895253414137,-0.014418466535091379,8,6.85122574027373,1h|1d|1w,2026-07-30 13:00:00+00:00,326.54,-0.025311921676317684,1,0.3818587827286608,1d,2026-01-29 00:00:00+00:00,323.3229705546779,-0.03491442136386502,4,1.7512450104241664,1h|1d,2026-07-28 13:00:00+00:00,338.5455279709709,0.010523335833594771,13,8.645724014225083,1h|1d,2026-08-31 19:00:00+00:00,341.7019459535555,0.019944916582757655,12,8.934265406175806,1h|1d,2026-08-26 19:00:00+00:00,347.6521221959707,0.03770557637147265,13,8.024460205119729,1h|1d|1w,2026-08-28 15:00:00+00:00,2026-09-01,335.09,332.97999999999996,330.94,328.83,337.12999999999994,339.23999999999995,341.2799999999999,2026-08-28,346.1233333333333,340.64666666666653,334.70333333333326,329.2266666666665,352.06666666666655,357.5433333333333,363.48666666666657
LITE,2026-09-01,868.46,2026-09-01 00:00:00+00:00,complete,,844.6654754784228,-0.027398526727284267,15,8.892996282058226,1h|1d,2026-09-01 14:00:00+00:00,808.0063297094025,-0.0696101953925311,16,6.753635500205475,1h|1d,2026-08-20 13:00:00+00:00,778.3347153003124,-0.10377597667098959,19,12.382802619322453,1h|1d|1w,2026-08-24 14:00:00+00:00,883.9806301478178,0.017871439269301792,19,8.397231659473613,1h|1d,2026-08-28 19:00:00+00:00,922.1446720230941,0.061815940887426146,9,5.002245610369089,1h|1d,2026-08-31 19:00:00+00:00,958.3624420781902,0.10351938152383533,9,7.654785198717624,1h|1d|1w,2026-08-27 18:00:00+00:00,2026-09-01,876.8966666666666,845.7133333333333,822.9666666666666,791.7833333333332,899.6433333333333,930.8266666666667,953.5733333333334,2026-08-28,875.6666333333333,803.8033666666665,712.6067333333333,640.7434666666666,966.8632666666665,1038.7265333333332,1129.9231666666665
LLY,2026-09-01,1159.75,2026-09-01 00:00:00+00:00,complete,,1159.1658328009707,-0.0005037009691996053,16,8.296813400342682,1h|1d,2026-08-31 15:00:00+00:00,1136.2217282118077,-0.020287365197837803,18,8.274815210158836,1h|1d|1w,2026-08-04 16:00:00+00:00,1111.3188016150932,-0.04176003309757004,16,10.10964836483123,1h|1d|1w,2026-08-07 00:00:00+00:00,1180.0422566742766,0.01749709564498958,20,9.214006340523106,1h|1d,2026-09-01 15:00:00+00:00,1198.5092585907767,0.03342035662063081,11,5.161554266243559,1h,2026-08-26 19:00:00+00:00,1212.6154894968658,0.04558352187701309,4,1.840578430103915,1h,2026-08-11 14:00:00+00:00,2026-09-01,1168.335,1148.765,1137.78,1118.21,1179.3200000000002,1198.89,1209.8750000000002,2026-08-28,1200.7566666666664,1136.7833333333328,1098.9566666666665,1034.983333333333,1238.5833333333328,1302.5566666666664,1340.3833333333328
META,2026-09-01,578.72,2026-09-01 00:00:00+00:00,complete,,566.713211953367,-0.02074714550496437,11,6.440263728651294,1h,2026-09-01 14:00:00+00:00,556.0026604935653,-0.039254457261602815,8,3.817093832019376,1h|1d,2026-08-21 17:00:00+00:00,547.1628135715414,-0.05452928260377843,5,2.24820528625481,1h|1w,2026-08-24 13:00:00+00:00,578.7645153278611,7.692032046779929e-05,14,6.491187642127045,1h|1d|1w,2026-08-28 19:00:00+00:00,591.2372634383568,0.021629222142584892,18,12.638288289553111,1h|1d|1w,2026-08-28 14:00:00+00:00,599.9382050671928,0.036664025897139796,19,8.51639920177932,1h|1d|1w,2026-08-26 13:00:00+00:00,2026-09-01,573.475,562.0450000000001,545.37,533.94,590.1500000000001,601.58,618.2550000000001,2026-08-28,572.5533333333333,551.7666666666665,525.5133333333332,504.72666666666646,598.8066666666666,619.5933333333334,645.8466666666667
MRVL,2026-09-01,210.36,2026-09-01 00:00:00+00:00,complete,,203.1420736127486,-0.034312257022492076,10,5.122699623493076,1h,2026-09-01 14:00:00+00:00,192.7567803935538,-0.08368140143775527,5,2.546340652706102,1h|1d,2026-07-31 17:00:00+00:00,184.01946233246102,-0.12521647493600963,3,1.2472699974084098,1h,2026-07-30 14:00:00+00:00,211.9606714116636,0.007609200473776445,10,8.16514086849143,1h|1d,2026-08-31 19:00:00+00:00,220.73163279526634,0.04930420610033437,13,9.100492559153112,1h|1d,2026-08-28 19:00:00+00:00,230.7283991854578,0.09682638897821727,6,3.2679601318059484,1h,2026-08-21 15:00:00+00:00,2026-09-01,207.14166666666665,203.8883333333333,197.41666666666663,194.16333333333327,213.61333333333332,216.86666666666667,223.33833333333334,2026-08-28,226.29,205.88,195.14000000000001,174.73000000000002,237.02999999999997,257.43999999999994,268.17999999999995
MSFT,2026-09-01,501.19,2026-09-01 00:00:00+00:00,complete,,499.3040670892177,-0.0037629100955371975,9,5.959739186255279,1h,2026-09-01 15:00:00+00:00,490.8680375564475,-0.02059490900367622,15,7.937261293610945,1h|1d|1w,2026-08-27 13:00:00+00:00,485.1723701253548,-0.03195919686076176,8,5.999574753311844,1h|1d|1w,2026-08-26 13:00:00+00:00,505.93037258230953,0.009458234566351198,6,3.344431711454221,1h|1d|1w,2026-08-31 14:00:00+00:00,513.6274211054746,0.024815780652994945,4,2.624870304078232,1h|1d,2026-08-10 14:00:00+00:00,517.9800293528682,0.033500327925274354,2,1.0498856058806219,1h|1d,2026-08-28 16:00:00+00:00,2026-09-01,501.40333333333336,496.8966666666667,492.60333333333335,488.0966666666667,505.6966666666667,510.2033333333334,514.4966666666667,2026-08-28,504.39000000000004,491.0000000000001,468.4700000000001,455.08000000000015,526.9200000000001,540.31,562.84
MU,2026-09-01,933.34,2026-09-01 00:00:00+00:00,complete,,914.3670918209283,-0.0203279707063575,8,5.164582785623576,1h,2026-08-27 15:00:00+00:00,891.2180202831904,-0.04513037019393751,13,7.649554296365928,1h|1d,2026-08-24 14:00:00+00:00,851.2218041284897,-0.08798315283981228,10,4.706998065406792,1h|1d,2026-08-11 14:00:00+00:00,937.5286271943924,0.004487782795543183,13,8.585633332352083,1h|1d,2026-09-01 14:00:00+00:00,968.228669261253,0.03738045006241353,12,6.320906298079273,1h,2026-09-01 15:00:00+00:00,990.5302009241225,0.061274777598862684,7,5.208233794124031,1h|1d,2026-08-21 13:00:00+00:00,2026-09-01,941.91,914.43,895.52,868.04,960.8199999999999,988.3,1007.2099999999999,2026-08-28,922.4216333333334,898.0433666666668,863.2267333333334,838.8484666666668,957.2382666666667,981.6165333333333,1016.4331666666667
NBIS,2026-09-01,199.405,2026-09-01 00:00:00+00:00,complete,,194.93912193266547,-0.022396018491685377,14,8.171471379529907,1h|1d,2026-09-01 14:00:00+00:00,182.1021966512085,-0.08677216393165421,8,5.587846438722659,1h|1d,2026-08-10 18:00:00+00:00,173.35769121069876,-0.13062515377899875,3,1.8116889870571873,1h|1d,2026-08-03 13:00:00+00:00,202.8201483133456,0.017126693479830646,13,8.021295969909474,1h|1d,2026-08-31 18:00:00+00:00,212.48226632708773,0.06558143640875458,7,4.644619459095976,1h,2026-08-26 16:00:00+00:00,228.28940478780308,0.14485296149947624,23,15.282438921781097,1h|1d|1w,2026-08-27 13:00:00+00:00,2026-09-01,199.05499999999998,195.33999999999995,191.27499999999998,187.55999999999995,203.11999999999995,206.83499999999998,210.89999999999995,2026-08-28,211.50353333333337,199.56706666666673,189.95413333333337,178.01766666666674,221.11646666666672,233.05293333333336,242.66586666666672
NOW,2026-09-01,142.855,2026-09-01 00:00:00+00:00,complete,,142.06,-0.005565083476252064,1,1.0,1h,2026-09-01 16:00:00+00:00,139.02019242175808,-0.02684405570852899,3,4.013334525438328,1h|1d|1w,2026-08-27 13:00:00+00:00,136.1521293776648,-0.046920798168318845,2,0.7973146973913876,1d|1w,2026-01-26 00:00:00+00:00,145.64,0.019495292429386524,1,0.31016571134102977,1d,2026-01-02 00:00:00+00:00,149.94169156600793,0.04960758507583174,2,1.253486203079056,1h|1d,2026-08-31 19:00:00+00:00,155.582,0.08909033635504526,1,0.38082094218910306,1w,2025-03-14 00:00:00+00:00,2026-09-01,143.95000000000002,140.97500000000002,139.095,136.12,145.83000000000004,148.80500000000004,150.68500000000006,2026-08-28,137.4366666666667,129.1533333333334,113.59666666666669,105.31333333333339,152.9933333333334,161.2766666666667,176.8333333333334
NVDA,2026-09-01,217.49,2026-09-01 00:00:00+00:00,complete,,216.5398690573568,-0.004368618983140338,9,7.62900503820023,1h|1d,2026-09-01 14:00:00+00:00,213.41404945192923,-0.018740864168792948,22,14.462971403423811,1h|1d|1w,2026-08-26 13:00:00+00:00,208.08911191906492,-0.04322446126688628,10,6.57651321058187,1h|1d,2026-08-26 19:00:00+00:00,218.78068121679266,0.005934439361775956,2,1.4992069996370563,1h,2026-08-21 13:00:00+00:00,221.73950594916928,0.019538856725225484,7,4.604209912399412,1h,2026-08-31 19:00:00+00:00,224.47586900052633,0.03212041473413185,6,3.6203429738770168,1h,2026-08-14 18:00:00+00:00,2026-09-01,217.66833333333332,214.94166666666663,212.39333333333332,209.66666666666663,220.21666666666664,222.94333333333333,225.49166666666665,2026-08-28,218.01999999999998,206.77999999999997,196.01,184.76999999999998,228.78999999999996,240.02999999999997,250.79999999999995
PLTR,2026-09-01,179.91,2026-09-01 00:00:00+00:00,complete,,179.65176081384612,-0.00143537983521691,5,4.468606967643067,1h|1d,2026-08-25 13:00:00+00:00,175.83139573678815,-0.022670247697247792,8,4.12392738423199,1h|1d,2026-08-20 17:00:00+00:00,172.10326938008762,-0.04339242187711845,7,4.61319322489646,1h|1d,2026-08-24 13:00:00+00:00,182.29727546017614,0.013269276083464732,3,2.958593304390493,1h|1d,2026-08-21 15:00:00+00:00,185.05911751855461,0.02862051869576243,3,1.2897444033922716,1h|1d,2026-08-31 14:00:00+00:00,187.9131018811859,0.04448391907723814,6,3.357285802614146,1h|1d|1w,2026-08-31 16:00:00+00:00,2026-09-01,182.06999999999996,177.59999999999994,175.28999999999996,170.81999999999994,184.37999999999994,188.84999999999997,191.15999999999994,2026-08-28,181.18666666666664,174.00333333333327,161.71666666666664,154.53333333333327,193.47333333333327,200.65666666666664,212.94333333333327
QQQ,2026-09-01,707.65,2026-09-01 00:00:00+00:00,complete,,703.1725643106373,-0.006327189556083801,15,8.618942463888128,1h|1d,2026-08-24 19:00:00+00:00,694.6451512151708,-0.018377515416984624,7,3.0758517374955767,1h|1d,2026-07-31 13:00:00+00:00,686.0281175104404,-0.03055448666651528,10,7.352307005617553,1h|1d|1w,2026-08-03 13:00:00+00:00,708.5932861487775,0.0013329840299265427,11,5.182690488134683,1h,2026-09-01 14:00:00+00:00,715.3818310212096,0.010926066588298644,16,9.587224539814926,1h,2026-08-31 19:00:00+00:00,723.9176296090069,0.02298824222286,22,9.811437717545843,1h|1d,2026-08-28 15:00:00+00:00,2026-09-01,708.19,704.1400000000001,700.63,696.58,711.7000000000002,715.7500000000001,719.2600000000002,2026-08-28,714.4183333333334,704.7116666666668,692.9933333333335,683.2866666666669,726.1366666666668,735.8433333333334,747.5616666666667
RDW,2026-09-01,10.26,2026-09-01 00:00:00+00:00,complete,,10.258192307686832,-0.00017618833461674477,15,6.845802702633117,1h|1d|1w,2026-08-05 13:00:00+00:00,9.655161941643298,-0.05895107781254405,2,0.6551777625173125,1h|1d,2026-07-13 13:00:00+00:00,9.427703213060774,-0.08112054453598694,10,4.407135593185854,1h|1d|1w,2026-07-27 13:00:00+00:00,10.647077545631454,0.03772685629936201,8,5.07508705026802,1h|1d,2026-08-31 19:00:00+00:00,11.161249126726196,0.08784104548988259,6,2.771037659371937,1h|1w,2026-08-27 13:00:00+00:00,11.403943544895553,0.11149547221204226,3,2.479994897538326,1h,2026-08-27 14:00:00+00:00,2026-09-01,10.358333333333333,10.096666666666666,9.933333333333334,9.671666666666667,10.521666666666665,10.783333333333331,10.946666666666664,2026-08-28,11.143333333333333,10.406666666666665,9.943333333333332,9.206666666666663,11.606666666666666,12.343333333333334,12.806666666666667
RKLB,2026-09-01,62.565,2026-09-01 00:00:00+00:00,complete,,59.84858801762951,-0.04341743758284167,3,1.3678270991176817,1h,2026-07-30 13:00:00+00:00,58.20856149302674,-0.0696306002872733,3,4.369578802965431,1d|1w,2026-07-31 00:00:00+00:00,56.14845057242345,-0.10255813038562378,4,2.625166135252228,1d|1w,2026-04-03 00:00:00+00:00,62.65237568665526,0.0013965585655759671,6,3.5398926631681293,1h|1d,2026-09-01 15:00:00+00:00,64.4969088665073,0.030878428298686256,12,8.323838531005702,1h|1d|1w,2026-08-31 19:00:00+00:00,66.91182560558579,0.06947695365756879,13,6.929304602619426,1h|1d,2026-08-27 17:00:00+00:00,2026-09-01,62.80166666666667,61.70333333333334,60.84166666666667,59.74333333333334,63.66333333333334,64.76166666666667,65.62333333333333,2026-08-28,66.365,61.519999999999996,58.65,53.805,69.23499999999999,74.07999999999998,76.94999999999999
SEDG,2026-09-01,32.49,2026-09-01 00:00:00+00:00,complete,,32.433292526669916,-0.001745382373963822,13,9.023804706025143,1h|1d|1w,2026-08-26 18:00:00+00:00,31.167127332086324,-0.04071630249041791,14,10.873411512588886,1h|1d|1w,2026-08-31 19:00:00+00:00,29.562247739680522,-0.09011241182885443,10,9.134644849332512,1h|1d|1w,2026-08-25 19:00:00+00:00,33.840577815524426,0.04156903094873576,10,6.94336995948851,1h|1d|1w,2026-08-27 14:00:00+00:00,35.982018382992635,0.10747979018136755,7,4.309294096538433,1h|1d|1w,2026-08-07 13:00:00+00:00,37.119509563665126,0.14249029127932045,6,3.2536288781627154,1d|1w,2026-05-07 00:00:00+00:00,2026-09-01,32.373333333333335,31.72166666666667,30.953333333333337,30.301666666666673,33.141666666666666,33.79333333333334,34.56166666666667,2026-08-28,31.566633333333332,29.443366666666662,27.476733333333332,25.353466666666662,33.53326666666666,35.65653333333333,37.62316666666666
SNDK,2026-09-01,1536.55,2026-09-01 00:00:00+00:00,complete,,1534.6436043020406,-0.001240698771897697,15,9.281811429330366,1h|1d,2026-08-31 15:00:00+00:00,1458.9755741737663,-0.050486105773475454,10,7.554120531146094,1h|1d,2026-08-31 19:00:00+00:00,1403.7161005388346,-0.08644944808900812,6,4.725273570557544,1h|1d,2026-08-24 13:00:00+00:00,1602.3482285711766,0.04282205497457081,11,6.248198809224627,1h|1d,2026-09-01 15:00:00+00:00,1686.4537784108245,0.09755867261776352,9,4.576957987188896,1h|1d,2026-08-19 13:00:00+00:00,1733.231674979825,0.12800213138513228,2,0.27486522478504793,1h,2026-06-10 14:00:00+00:00,2026-09-01,1553.385,1497.295,1458.0400000000002,1401.9500000000003,1592.6399999999999,1648.7299999999998,1687.9849999999997,2026-08-28,1488.8421333333335,1412.697866666667,1340.4157333333335,1264.271466666667,1561.1242666666672,1637.2685333333336,1709.5506666666672
SOXX,2026-09-01,500.21,2026-09-01 00:00:00+00:00,complete,,498.5181651079368,-0.003382249239445856,8,6.81871842690739,1h|1d,2026-09-01 14:00:00+00:00,485.89,-0.02862797624997504,1,0.5116869459983875,1h,2026-08-03 13:00:00+00:00,478.8,-0.04280202315027681,2,1.336348077210509,1h|1d,2026-07-28 14:00:00+00:00,508.89078836215936,0.017354287923391,7,6.01150734906827,1h,2026-08-31 19:00:00+00:00,517.0299533655171,0.03362578390179549,10,6.577356338921723,1h,2026-08-26 13:00:00+00:00,523.7474234255575,0.04705508371595424,8,6.53580216747918,1h|1d|1w,2026-08-27 13:00:00+00:00,2026-09-01,500.01666666666665,495.4333333333333,490.65666666666664,486.07333333333327,504.7933333333333,509.37666666666667,514.1533333333333,2026-08-28,510.0666666666666,497.48333333333323,486.34666666666664,473.76333333333326,521.2033333333331,533.7866666666666,544.9233333333332
SPCX,2026-09-01,142.23,2026-09-01 00:00:00+00:00,complete,,138.4963525034708,-0.026250773370802172,13,8.54814849037062,1h,2026-08-28 16:00:00+00:00,134.51913458103462,-0.054214057645822766,4,3.1927803109681467,1h,2026-08-26 13:00:00+00:00,130.45222953741035,-0.08280792000695802,7,4.852672324397917,1h|1d,2026-08-20 16:00:00+00:00,142.69531254002163,0.0032715498841429103,5,4.079283720676942,1h,2026-08-31 17:00:00+00:00,146.09170107302546,0.027151100843882947,7,4.307776432660366,1h|1d,2026-09-01 15:00:00+00:00,149.81707228090426,0.05334368474234874,8,4.229277140938502,1h|1d,2026-08-17 15:00:00+00:00,2026-09-01,142.89333333333332,140.58666666666664,138.94333333333333,136.63666666666666,144.53666666666663,146.8433333333333,148.48666666666662,2026-08-28,139.29666666666665,135.3033333333333,129.10666666666665,125.11333333333332,145.4933333333333,149.48666666666665,155.6833333333333
TSLA,2026-09-01,356.08,2026-09-01 00:00:00+00:00,complete,,350.9105177634939,-0.014517755101398855,5,3.6689415572220767,1h|1d,2026-08-24 19:00:00+00:00,343.27707072163275,-0.035955204668521756,6,5.864028105303469,1h|1d,2026-08-28 19:00:00+00:00,336.0306577798303,-0.05630572405125167,12,8.983545489734619,1h|1d|1w,2026-08-20 14:00:00+00:00,356.580614554072,0.0014059047238597078,3,2.3329763622138513,1h|1w,2026-08-28 14:00:00+00:00,367.39833154207287,0.03178592322532259,10,9.510326277069044,1h|1d|1w,2026-08-31 17:00:00+00:00,373.4981252204379,0.04891632560221826,3,0.8864353073379558,1h|1w,2026-07-22 13:00:00+00:00,2026-09-01,357.24,351.84000000000003,347.6,342.20000000000005,361.48,366.88,371.12,2026-08-28,351.50666666666666,339.7733333333333,330.7966666666666,319.0633333333333,360.48333333333335,372.2166666666667,381.1933333333334
WOLF,2026-09-01,26.31,2026-09-01 00:00:00+00:00,complete,,25.42166983556862,-0.03376397432274347,10,7.331235909240184,1h|1d,2026-09-01 14:00:00+00:00,23.636685071716816,-0.10160832110540419,9,6.710975220071964,1h|1d|1w,2026-08-24 14:00:00+00:00,22.027817934695754,-0.16275872540114955,7,5.1979580753287955,1h|1d|1w,2026-07-28 19:00:00+00:00,27.277919921232566,0.03678905059796911,12,8.76718969066647,1h|1d,2026-08-31 18:00:00+00:00,28.667410612883497,0.0896013155790003,6,3.6533753325818914,1h|1d,2026-08-11 15:00:00+00:00,29.56,0.12352717597871532,1,0.7405487761432821,1h,2026-08-19 18:00:00+00:00,2026-09-01,26.046833333333336,25.623666666666672,24.937333333333335,24.51416666666667,26.733166666666673,27.156333333333336,27.842666666666673,2026-08-28,25.573333333333334,23.64666666666667,21.443333333333335,19.51666666666667,27.776666666666667,29.703333333333333,31.906666666666666
